ticker,avg_yearly_returns,yearly_variance
AAN,0.08014267721815725,0.04817018292725178
AAON,0.1000590762657267,0.07951585054673567
AAP,0.16566517730811986,0.12471461999273215
AAPL,-0.005033159726624831,0.16188242134637584
ABC,0.13187967355131364,0.0834155471385236
ABG,0.19674931182574049,0.09231397817782044
ABM,0.08093415366286642,0.06213010296493096
ABMD,0.5819277526142085,0.2742160948653343
ABT,0.15594388891377522,0.035877397503017515
ACET,0.048959945973052275,0.5844245286630398
ACGL,0.1217952372275237,0.02633958158131977
ACHC,0.28235722710543015,0.45544332241605573
ACLS,0.8622861967775827,3.0851993460954823
ACN,0.1524962437944762,0.015920336687692663
ACTG,-0.2078789842504001,0.18407997423935127
ADBE,0.35715263774936695,0.041366153375486096
ADC,0.13380232633137834,0.010797994413444263
ADI,0.14015129552013658,0.017456235176604152
ADM,0.07746983759086844,0.07843614415693152
ADP,0.1410678874490337,0.018110086679520503
ADSK,0.22946227826062904,0.019130663094628488
ADTN,-0.09619946493774302,0.09794433746201654
AEE,0.10381591785111735,0.01874911339935561
AEGN,0.026652612508586075,0.06304718138610572
AEIS,0.2780859966944501,0.18700143090503527
AEL,0.20813004734305054,0.20335510251927272
AEO,0.03779422355559836,0.0384992522068534
AEP,0.08958841219833406,0.012460438559836475
AES,0.04758217940085171,0.06027113590084349
AFG,0.1466118391126667,0.037939883589447256
AGCO,0.04851718470418091,0.04643203245339896
AGEN,0.10169564665503154,0.25074989103667766
AGM,0.24315094429746176,0.18141319498218447
AGN,0.19201677117788618,0.21874231788871382
AGX,0.21814685229099198,0.2769303837415675
AGYS,0.10923922790194375,0.07290974271168008
AHL,0.07637080741486639,0.029482762406369295
AHT,-0.05496528356647671,0.09829724437125649
AI,-0.10417259610451736,0.0724551720812232
AIN,0.1595204230644641,0.05175394560217361
AIR,0.10682444012979746,0.04295171847018348
AIT,0.07536520097030452,0.05483940896452375
AIV,0.10115007643935636,0.0292007384508043
AKAM,0.1035581017946728,0.03817155933671773
AKRX,0.08942763569488055,0.3338899748963516
ALE,0.09144319140864714,0.016630717812798797
ALG,0.2136991280087803,0.16237050244629966
ALGN,0.4275165099530512,0.28257079606701047
ALK,0.019587232905235435,0.14228872049464958
ALKS,0.1734068044533146,0.2882828581781924
ALL,0.19618030629347505,0.0673839799316025
ALTR,0.021188960342426916,0.017076047991741936
ALX,-0.014877646665400954,0.03530825274245481
ALXN,0.07394603495083428,0.08531780626138813
AMAT,0.24143802921010224,0.19187173989225192
AMD,0.48747479865873355,1.51818281262498
AME,0.08151229284830863,0.058464768075205197
AMG,0.0663108487069718,0.16104740683307195
AMKR,0.10254326153811866,0.1450505794762386
AMNB,0.07077803426289117,0.04136542705544069
AMSC,1.1253011603168124,8.662622399199266
AMSWA,0.013717204897587107,0.024397909829176376
AMT,0.15159352110019583,0.018572503612620778
AMWD,0.3516522752963059,0.3345639689589388
AN,0.000492613371090476,0.048536420900217495
ANDE,0.03988309140980993,0.28201391313790297
ANIK,0.3973866558871109,1.142193242911721
ANIP,2.602269046331227,30.86279400854627
ANSS,0.152795947116438,0.0497459163352414
ANTM,0.23344838365017329,0.06164770302536129
AON,0.180106151991906,0.026581896758400832
AOS,0.05464336440664767,0.12263932923268335
AP,-0.11937402929029532,0.19886431972038243
APA,-0.1343277861574851,0.08596656286951686
APC,-0.05213639693308392,0.07290612959667432
APH,0.12022995259478644,0.0882622319182198
ARCB,0.33553568665422145,1.0232747204527601
ARE,0.08310319489703788,0.03740864130884835
ARNA,3.5629427667696283,72.62020860300942
ARNC,0.18638930286403857,0.2403538721034422
ARQL,0.018232775193981636,0.3041829111610943
ARRS,0.1773678715407693,0.06312397534079797
ARRY,0.3503487875421838,0.1985404428243275
ARTNA,0.09712160106870578,0.016157090354483452
ARW,0.09794353580446928,0.04113658565543687
ARWR,0.8389204585702922,3.1719054824060895
ASGN,0.28547183834638046,0.13044013215846453
ASH,0.05006383368498803,0.060061969396894586
ASNA,-0.25746866874868973,0.07740807793717429
ASTE,0.031081862389416737,0.12393676629059132
ATI,-0.1019947267137774,0.155123813004256
ATNI,0.11444132814850594,0.06908675452193515
ATO,0.15271129908480252,0.007117197927154883
ATR,0.08668921697628343,0.024228051451026248
ATRI,0.19193058129093926,0.04498330115631118
ATRO,0.07390139070309457,0.2662658539817643
ATRS,0.32984758313169926,0.6239013837669067
ATSG,0.2836119895867745,0.16152831449802593
ATU,-0.005794975443286253,0.04004465407249553
ATVI,0.2794962700619231,0.22556074432709114
AVA,0.0820151708995968,0.02993634870982349
AVB,0.04522431155133101,0.027948315335182387
AVD,0.13087541708227027,0.3520859221994561
AVNW,2.420434333237224,43.89974886556212
AVP,-0.1837978519530785,0.11095335015357692
AVT,0.026837276579805468,0.036213606795056946
AVX,0.03268531650052296,0.0381190015122086
AXAS,0.014183129415443117,0.49521397004503864
AXE,0.014301419976285297,0.0802163501688606
AXL,0.054154819285942714,0.1332186977956287
AXP,0.1251937059337642,0.06944510325431248
AXS,0.08028125408652922,0.031562351188792005
AZO,0.14970255802836258,0.022391118002379553
AZPN,0.2653912784585234,0.0665899675436579
AZZ,-0.0067626503310666474,0.04006504901882358
B,0.14431631141988482,0.09427185362615603
BABY,0.2554713758150772,0.17891531033960437
BAC,0.2652106691560399,0.14993403529818947
BANC,0.054258580168028335,0.051677863235560305
BANF,0.08671919782373624,0.10941472063649871
BANR,0.19826082164680958,0.08928821986209239
BAX,0.22024436047466414,0.1987530523999609
BBBY,-0.11484897198317191,0.10069185839737065
BBGI,0.25377988694761483,0.5290546828556694
BBOX,-0.2295581664880648,0.2630799432885537
BBSI,0.361538934153407,0.4828490984709685
BBT,0.08395876344909066,0.0225165857039886
BBX,0.3854923135666474,0.4689368559397975
BBY,0.33079685733560155,0.8916968814979805
BC,0.15949791098341418,0.07761807881174897
BCO,0.17595738254526697,0.16029783061001088
BCOR,0.22598363888099074,0.22850297901492134
BCPC,0.12069040356862894,0.07321634006318148
BCRX,0.5288059189439833,2.230656389526755
BDC,0.10678979230756849,0.18272803909940935
BDGE,0.0427432249797127,0.0370835742034783
BDN,0.07050555088261767,0.04366284712849248
BDSI,0.7569774212032756,2.8585860181495626
BELFB,0.044225823471808076,0.16133667639972252
BEN,-0.1142585239017194,0.08890995335474754
BFS,0.05300028064220093,0.039168764260552484
BG,0.001196154638674174,0.034222702198864724
BGCP,0.13072330868527898,0.20888591996466618
BGG,0.014312607640653594,0.07961683577254003
BH,-0.10781940310951914,0.2150076442987774
BHB,-0.005924867706701115,0.07480667784591262
BHE,0.09268689745773713,0.08104174147628253
BHLB,0.036767582817056124,0.02799751109108195
BIG,-0.0025290834888070774,0.08411065381340933
BIIB,0.18205114498638889,0.12024724840641395
BIO,0.13551468565689487,0.02155966910532783
BIOL,-0.1587608885016038,0.3070802933779843
BIOS,0.17976964799178902,0.7139047793256847
BJRI,0.052736856963476166,0.10317698802274139
BKE,-0.08687211272365734,0.041710760505722116
BKH,0.09851904339312154,0.03743352382881428
BKS,-0.03417405182224352,0.15816694329514908
BLK,0.13424370047267828,0.059794975161816505
BLL,0.06943508122738477,0.07266622105490388
BLX,0.036850952034764975,0.05991371014825162
BMI,0.09645943768916687,0.07916660028179828
BMRC,0.11684143675198312,0.017107120901103622
BMRN,0.15554564086271935,0.05506648722437495
BMS,0.06295118100523475,0.0076778929788953966
BMY,0.08013432963787556,0.0720653901541679
BOH,0.07117542187280428,0.05098547058321622
BOKF,0.056327383896240334,0.04400746470045591
BOOM,0.23045297883183008,0.42280082735664015
BP,-0.01077316832030149,0.027678380833661757
BPOP,2.115681248195941,26.375222362359082
BRC,0.0572567030095623,0.07941881131497312
BRKL,0.07854224736385675,0.03505224413388059
BRKR,0.149784207061829,0.07146080358189696
BRKS,0.17286045579474357,0.09681669092626588
BRO,0.13782742971157802,0.021113403896440595
BRS,-0.23663694975398927,0.1719925513316214
BRT,0.10790166804492003,0.03857208731840127
BSET,0.20802249683788807,0.10651319937645576
BSRR,0.17076824803650262,0.055951451233394706
BSTC,0.23366068964271824,0.11867502610752893
BSX,0.33154126245042004,0.11802911119343633
BTU,-0.2734590040056986,0.04547574240702901
BUSE,0.38169446687859016,0.6546572328016244
BWA,-0.06998081977635259,0.04544853797211873
BXS,0.15222527888158258,0.09392081503629203
BYD,0.2106630863904742,0.1814465452161463
BZH,0.794144071703341,4.774943017968067
C,0.11592023680325972,0.061851520752439604
CAC,0.010693348275430389,0.01360628704130235
CACC,0.2544440942365894,0.0418703514279522
CACI,0.1501395058426751,0.02131036682981623
CAH,0.045258459456277586,0.09078193264738556
CAKE,0.067854791014328,0.05609860478928097
CAMP,0.3945368974516751,0.9211152099749821
CAR,0.24337239387152573,0.3388682766060169
CASH,0.289128629124424,0.31448525432475
CASS,0.11184137883625148,0.09271079133368626
CASY,0.14668485324813993,0.027225006402232087
CAT,0.0789102872597859,0.11253664477605131
CATO,-0.04557993357806982,0.0690051055696027
CATY,0.12749611136900008,0.03785722053284866
CBB,0.7255850881843203,4.380544996725404
CBK,0.010011830925248679,0.5495440332017182
CBL,-0.19341569634926112,0.11351813763082223
CBM,0.33373671588382087,0.22042424170151498
CBRL,0.20230641049903286,0.07648059336375322
CBSH,0.06843164399372864,0.03177960043144762
CBU,0.12940828072408814,0.07097450193560859
CCBG,0.1315189950619007,0.023114592703551765
CCF,0.3775861795146718,0.20169070221867436
CCI,0.1473302055125901,0.04831692942124924
CCL,0.06619104560099447,0.03191906632932446
CCMP,0.1290286468371882,0.08118974641440953
CCNE,0.05914206545739823,0.0439515673083014
CCOI,0.17393402979211617,0.08748622209572016
CCRN,0.11042590242403007,0.22517465734066724
CDE,0.03664135135088299,1.2057203262793224
CDR,-0.021344815551400085,0.054492484325572965
CECE,0.18703664606555095,0.3582395005113344
CECO,0.24396174043866806,0.649333638524889
CENX,0.32605712116318664,0.7863913014368654
CERN,0.0032506155132383053,0.07289370202382887
CERS,0.1495430661873607,0.2011063483585457
CETV,-0.06589257040962145,0.16243817523846804
CEVA,0.028812890211851357,0.16044143877027098
CFFI,0.12279570359853222,0.04289624426677766
CFFN,0.021442194820940043,0.024855877946516735
CFR,0.0886730279769293,0.05770311572241729
CGNX,0.05717066600676385,0.17083060099173605
CHCO,0.11420006213121082,0.043398057399121975
CHD,0.08880158218933411,0.06671105621335706
CHDN,0.25363069761672674,0.04308319488897026
CHE,0.277657033460782,0.02912692223870488
CHFC,0.11171439912421989,0.08449391056817346
CHKP,0.10947163815264392,0.024507675084128756
CHRW,0.03557674586787969,0.03564286874669234
CI,0.26181597140181784,0.07385720914436093
CIA,-0.027326720192878868,0.04181351490279714
CIDM,0.46029071318541304,3.1080472368574115
CIR,0.040655186327842485,0.31111009609616064
CIX,-0.005405085318409261,0.03891827942523406
CKH,-0.09923557533444612,0.05969657437586684
CL,-0.03819756070177419,0.03821103089586299
CLCT,0.05719556634568442,0.2128175272379985
CLDX,0.25137904996008675,1.6329366149785312
CLGX,0.19358077711244204,0.17513675967404577
CLH,-0.028697082415282713,0.03612365956322242
CMA,0.18257238079478724,0.11047360691185514
CMC,0.04370211241487883,0.10337536753908892
CME,0.10240004987156426,0.18146687243692985
CMI,0.09853136919923407,0.11198929709127975
CMO,-0.0728654601992257,0.024473660870114933
CMP,-0.05847926528891787,0.03391014045257223
CMS,0.12058633273977702,0.008156367212212542
CMTL,0.03414887549323677,0.17781670374437478
CNA,0.09287828759384957,0.05976696658409636
CNBKA,0.1397332038053473,0.03435742685793007
CNMD,0.14324790284491057,0.0334402505086717
CNO,0.17647929262920864,0.15449592590803105
CNOB,0.12640272454084142,0.09358551897140972
CNP,0.05891176905979549,0.034129266353941624
COF,0.09638367967681823,0.04770170908287333
COG,-0.1219930507422269,0.08275259542137106
COHR,0.2568099153287656,0.4226216187850305
COHU,0.061192852223112756,0.06978037998004642
COKE,0.21282165113472615,0.15463607916168778
COLB,0.10880461138918415,0.06540835442155156
COLM,0.12156112933920062,0.0736298026695356
CONN,0.5056417087143773,1.24669121655576
COO,0.20747470409025276,0.03257208399333441
COP,-0.010971096035920617,0.03536822836873149
COST,0.13236106230942415,0.00474950255983754
CPB,0.019496489088051714,0.04206336027505411
CPE,0.10773749247045994,0.22145078765686474
CPF,0.10879501144200983,0.04655833426333344
CPK,0.09804974105933782,0.023837066436073428
CPSI,-0.062186052811081395,0.06873355917754732
CPSS,0.6173606435156944,3.102321028783559
CPST,-0.009029097625120759,0.24368376893658483
CPT,0.05396132854555148,0.0214639746278578
CR,0.0880188682488254,0.09099980755395594
CRAI,0.17382851144749775,0.20771046682128583
CRAY,0.278342003242527,0.3486288917253548
CREE,0.1673905603329801,0.18974716093666158
CRI,0.12511744097986172,0.060771879474832334
CRIS,-0.21764952404573523,0.34526408399732816
CRMT,0.1514727176554437,0.15521940189315134
CRR,-0.32637514181483546,0.1601098602775966
CRS,-0.022077353204464696,0.08417843291771955
CRVL,0.044314818937569646,0.05488348079026992
CRZO,-0.021610648515879533,0.2952282980581678
CSCO,0.13080933130598163,0.010479045901733708
CSFL,0.19438470160591242,0.06602702204805266
CSGP,0.2959049801476573,0.1464079582620099
CSGS,0.15143607073306495,0.10810812391568508
CSL,0.123670563291651,0.03037308218001487
CSV,0.23697284306278116,0.2411943790050031
CSWC,-0.08289434379694016,0.15182702803872358
CSX,0.1975017260108587,0.08815845758673269
CTB,0.15139869020521682,0.10813923785365154
CTBI,0.05767301092191696,0.06027909814804311
CTG,-0.12456518385512012,0.08422315219075212
CTIC,-0.21480056383838336,0.20308106708995374
CTL,-0.1051587857816748,0.04522215002790444
CTO,0.11563575053603202,0.05092072162379466
CTSH,0.028243189148888938,0.07401376027740043
CTWS,0.13942135426559138,0.02603099205254893
CTXS,0.07341051374032025,0.010842736253681972
CUB,0.02815357266495661,0.012870179781010032
CUI,3.8571596871586102,112.44984380106764
CUZ,0.03574382217630929,0.03187754345597574
CVA,0.013132369930800069,0.050860362995622826
CVBF,0.12167639368987777,0.0725097173301425
CVCO,0.19933234313229933,0.045519613338000954
CVGW,0.174281287893646,0.058260518197755906
CVS,0.08870535989686043,0.06041383111071763
CVX,0.010131171049354907,0.030847339960646272
CW,0.19878542552938808,0.13141658175288654
CWCO,0.08326061204416926,0.13223928710072538
CWST,0.32789197977822926,0.28695679273315255
CWT,0.15514121027053734,0.039267486049832566
CXW,0.014800989610263512,0.11132316750277314
CYTR,1.3101279121173568,6.459812753505052
CYTX,0.5520873303662622,8.123074102835096
CZNC,0.04296177586586437,0.01167966721205624
DAR,0.08354593562833505,0.07876127697199872
DAVE,0.031243447759505192,0.33132566859077367
DBD,-0.19826602134945195,0.10323471880271266
DCI,-0.012040563894471914,0.12080803112578413
DCO,0.20326955907536942,0.1527877855987761
DCOM,0.04244105990579202,0.017474711456969622
DDD,0.3119093265507594,1.3099617798097054
DE,0.1083941015017783,0.057113461550541735
DECK,0.1993312333747413,0.30869640457779923
DENN,0.23872762028251207,0.03687733933743436
DEST,-0.18410204879002115,0.1262385347620546
DF,-0.05342354151446808,0.1602902203447316
DGICA,-0.0030074693007703496,0.023474206902154297
DGX,0.05686810773968518,0.02995578724921542
DHI,0.20424754492305683,0.15505827872129588
DHIL,0.14287589198636952,0.11089548113989739
DHR,0.12112226335083164,0.02232646857875481
DIN,0.10463121172694032,0.1010037591361041
DIOD,0.06879827722189398,0.03572463505228904
DIS,0.16822714879438597,0.03699920234000729
DISH,0.03441831865944485,0.12777961248139505
DJCO,0.27417802189177254,0.16781614878276807
DKS,0.02385339072375962,0.1185661137485459
DLTR,0.05715243516336786,0.10712249714732347
DLX,0.1336999066836662,0.131609878798704
DMRC,-0.0032265748608258133,0.11616394907939298
DNR,-0.14772084722065695,0.26271172020739303
DO,-0.19432420744556927,0.06023767673610125
DORM,0.161976890834834,0.1085185227864855
DOV,0.07984634003385607,0.0728072644328928
DOX,0.1117941821420317,0.011729218401642684
DRE,0.11076122447382818,0.019770408350401062
DRI,0.11614642435821455,0.012854113814300287
DRQ,-0.0815952379308931,0.08599793673616864
DSPG,0.14089318161185602,0.08684281681154715
DUK,0.3165186554235042,0.4898722895111644
DVA,-0.01874271012026037,0.08571240759730524
DVN,-0.09326477202620269,0.10786202561363349
DWSN,0.07954137726861539,0.4765838346041626
DX,-0.05577892621931378,0.016224378103528895
DXLG,-0.021913049356296517,0.10202834283124662
DXPE,0.14059230153664906,0.45468227820897766
DY,0.2237485156823587,0.21441930299068668
EA,0.2846911219468055,0.2247990354418338
EAT,0.09357547831711611,0.05942498092885214
EBAY,0.04424392929386214,0.13777772954344078
EBF,0.06521199741278524,0.046698925256436236
EBIX,0.19912517283318684,0.2759524863929093
ECPG,0.08099237052242567,0.16923698332525886
ED,0.03656180611801265,0.01634034149442091
EE,0.056447436352068385,0.01757556090193355
EFII,0.1377447231527855,0.1847389482875679
EFSC,0.1671981269159076,0.09858997379559435
EGAN,0.22732642022019306,0.744165638329497
EGBN,0.20443676457884027,0.05962709861831287
EGHT,0.3223338902832635,0.20204948586272942
EGOV,0.025824955216481284,0.09723693428535142
EGP,0.11450039322727266,0.022478770752199728
EGY,-0.0894132526614555,0.2843053450394976
EIX,0.06427156990832779,0.04012980293022462
EL,0.06777016504494213,0.11834224579941953
ELGX,-0.1952105990910919,0.1426474981037488
ELS,0.09012788724047346,0.08153426341497098
ELY,0.14780503031036935,0.014973981698437703
EMCI,0.08187646093072895,0.03639856472878766
EMN,0.11506892301480098,0.09050427828548396
EMR,0.045280253155087165,0.043920591732308285
ENDP,-0.008540282790865904,0.5504191393777592
ENTG,0.19345710244295017,0.0717019877433082
ENZ,0.11743446668036377,0.16608853403808357
EOG,0.025151492517857758,0.10642985657835534
EPAY,0.3271556526516343,0.44930301588219557
EPM,0.07016204723343847,0.29254766095821433
EPR,0.05650614094708538,0.012877264372921705
EQIX,0.23984403271923993,0.16043724333144252
EQT,-0.023619609224201605,0.10006721391938318
ERIE,0.08388976699380839,0.013411745809474325
ES,0.0887394247212728,0.009420973260660744
ESCA,0.202138015966636,0.2226451485403487
ESE,0.13285768831947029,0.05332835316942978
ESGR,0.08516198135159332,0.026788927223164855
ESIO,0.31285296610509733,1.0403784500032345
ESL,0.14639042407617456,0.11242889943996652
ESS,0.08940965647557346,0.02998330984193412
ETM,0.03172350121836309,0.11739836413156661
ETR,0.034860470343143095,0.037193135297191524
EV,0.0916035130407928,0.09250398785027038
EVC,0.47675787644242024,0.8525856716216111
EW,0.18143331787900216,0.19070093212370998
EWBC,0.13463051526780467,0.06801141462882314
EXAS,0.6525081386199593,1.3070104520750567
EXC,0.031465417888581204,0.06667773512781731
EXEL,0.6678325575856494,1.613345107619777
EXP,0.22663720707124504,0.31594928438307196
F,-0.03219202777619447,0.03648925177834142
FARM,0.22044237223956148,0.1552207744133407
FARO,0.03915735597881763,0.14320300775309008
FAST,0.022772370398146672,0.012451014550052542
FBC,5.259784164086573,187.51942359877657
FBNC,0.16977869170509272,0.03286597799036684
FBP,0.23687423467297242,0.2891514496787215
FC,0.15386714603947385,0.06330130061774114
FCBC,0.1498769724242916,0.05717617734458211
FCF,0.13889118003111295,0.06469718399212655
FCFS,0.13623299190836796,0.07560441222303009
FCN,0.0818688817608277,0.06940679761241487
FCX,-0.025062067555281137,0.33741301363777293
FDEF,0.2048212228716781,0.03301085452331514
FDS,0.12340618152308754,0.013113580921898717
FDX,0.13244773469116586,0.09347883148357955
FELE,0.02606103972830624,0.09701711475714281
FFBC,0.06458061708679784,0.06692401717732317
FFG,0.24632943863851262,0.11326173726705462
FFIC,0.09269243036669902,0.04789472587306636
FFIN,0.1420958362617814,0.15556905245295957
FHN,0.0887506002956334,0.05596228379556429
FICO,0.2582604987768052,0.01201825907600691
FII,0.09810732783794021,0.05869785366474899
FIS,0.21756811619099348,0.03136813029395543
FISI,0.0722127830624831,0.030518387887433718
FISV,0.14969662643072437,0.03804686186728267
FITB,0.10446511628411488,0.050973489042434234
FIX,0.23720025617905588,0.08202411047590984
FIZZ,0.3085873935154329,0.23795479749017198
FL,0.13719095184309632,0.0557778090336536
FLIC,-0.014108502337402335,0.07417088052218916
FLIR,0.08453615947159855,0.04125630632898406
FLO,-0.0030646018026858762,0.014464560385286774
FLR,-0.03892234642853766,0.06579002893925351
FLS,-0.09488170103005522,0.09195813690180289
FLXS,0.1439847421039433,0.1637410673110705
FMBI,0.10898284107599833,0.04763873215846551
FMC,0.04125368233786826,0.17616329199274516
FNB,-0.011229905343244861,0.032465635115814795
FNHC,0.44634109203861533,0.4881871032421537
FNLC,0.09605309783542493,0.062093759324599866
FNSR,0.11204292466454238,0.2662943269497857
FOE,0.326952757596831,0.6466851773933845
FORM,0.16887579579143172,0.0530189018209409
FOSL,0.08069769313311466,0.34598742976512264
FOX,0.16421644815038708,0.05744304294995315
FOXA,0.16777179946803897,0.061839939153499224
FRBK,0.2550327065449365,0.15265446917846
FRME,0.24866777156774428,0.10736138970958815
FRO,0.12292100574534762,0.39222617954656136
FRT,0.04363135596602157,0.02123198852310097
FSS,0.2782541306914906,0.14217268013934262
FSTR,0.05862351943011328,0.30841980903364036
FTI,-0.10858863072378624,0.05934833735439395
FTR,-0.16034998206327009,0.13376665983403302
FULT,0.07929026513524304,0.05445469430647573
FVE,-0.14435490353463148,0.1703132821170745
FWRD,0.0803294004012538,0.018871699393274228
GABC,0.09219839203538917,0.09624186331415852
GAIA,0.24048525942273047,0.19548194461469923
GALT,0.735176547404995,2.147003176556875
GBL,-0.03924713502984857,0.16514511195772694
GBX,0.17793069499366188,0.29041211962693364
GCI,-0.02167052123494338,0.1872069860411258
GCO,-0.015065737340482983,0.0870352399758038
GD,0.14527694965950982,0.056409043090729354
GDP,-0.20734859952507886,0.49104427300121795
GE,-0.05665927520773687,0.11407321447154824
GEF,0.013494666200212184,0.14086186091426825
GERN,0.17691094247225878,0.982851764571777
GES,-0.01882855405725197,0.08582458856669722
GFF,0.06163729655803096,0.11471188021986517
GGG,0.03765743228704856,0.08895636463542438
GIFI,-0.15440554351704763,0.06162030520576319
GIII,0.1302688200728152,0.3147509477702473
GILD,0.09491993505869423,0.11679805901967122
GIS,0.010145312316513142,0.031896739040739856
GLAD,0.004734875529782702,0.030023624169183832
GLNG,-0.050196441787263006,0.11934526035457073
GLT,0.009235045654026488,0.13504821222272767
GLW,0.1428383790202725,0.05962007053554097
GME,-0.030403134931200764,0.19517237241043894
GNTX,0.08086087619708562,0.1165672982566739
GOLD,-0.02032005225534527,0.05076086901424815
GPC,0.07127327684845505,0.030431244686951242
GPI,0.014347793129517838,0.03943141050559473
GPK,0.16954464211084766,0.09487952842937188
GPOR,-0.1246804847336094,0.17146396358224777
GPS,0.10412181864656929,0.15013949523650622
GPX,0.04114256015351513,0.12731056044938882
GRA,0.07098891758231113,0.07204796753625463
GRC,0.015458331284078225,0.011675496252499197
GRIF,0.05958838171514552,0.03306337204566242
GRMN,0.08417733847818869,0.0394349767869823
GS,0.1120878730838204,0.07612597978293766
GT,0.08968144556377584,0.10654797428572078
GTN,0.8678079447878811,4.334485280774925
GTY,0.12224031668539977,0.03923639204882255
GVA,0.09633386785025855,0.05934129715289957
GWW,0.06527694741050936,0.023088165052277548
HA,0.3708988332466682,0.4861305238650491
HAE,0.0958784962728172,0.10858865275603287
HAIN,-0.026542675256731492,0.1990734535066733
HAL,0.018590544296248474,0.1382132631118096
HALL,0.06577416519943373,0.0357517391938652
HAS,0.15203574431998956,0.03821118379331268
HBIO,-0.018424398911836577,0.039972665193064146
HBNC,0.04636146277981929,0.018495948295918035
HCC,0.16392739385807428,0.026083194205742132
HCP,-0.0459334269086432,0.026999488419059955
HCSG,0.13383103401286497,0.037529074079468684
HE,0.048939219561171476,0.019478094856400754
HEI,0.12604085558216166,0.057364886842409
HELE,0.24026297573093866,0.041976104540848935
HES,-0.01924195750924979,0.0979990357068478
HFC,0.16705474835780795,0.17878157260647862
HFWA,0.13216601282644388,0.018716168284133607
HHS,-0.32689123173501694,0.12545529568088756
HIBB,-0.11119672860645236,0.09827652639620783
HIFS,0.24704949507963875,0.052491243622635346
HIG,0.1670347684269396,0.06173494555644838
HIW,0.04352736760146455,0.02451742062268221
HLIT,0.015217754807474252,0.07605989813454998
HLX,-0.028988459880296854,0.20594484328006887
HMN,0.1732708061233653,0.0691113644879034
HMSY,0.03578084964489679,0.150234376191714
HNI,0.07851036649963494,0.11277603444871576
HNRG,-0.0003958733099607307,0.2671996379475071
HOFT,0.15297433723999435,0.09295173079035457
HOG,0.01225736904502957,0.08801348144385006
HOLX,0.12884281032275807,0.02492835143723394
HON,0.1478648803232431,0.03029419427950437
HOV,0.3776456289305178,2.3190038801100266
HP,-0.0005490134055687799,0.10050836370058398
HPQ,0.11575431441245287,0.30620125895826944
HPT,0.010806045745106935,0.027064658068512035
HR,0.06755880161610377,0.026472462859999223
HRB,0.08492885159799146,0.06493176041920247
HRC,0.15815178988734063,0.053364733205256865
HRTX,3.340887841197393,57.203434724570734
HSC,0.07424791498553669,0.19142015588832187
HSIC,0.07351159235852046,0.09147508421307199
HSII,0.06573145228890243,0.04585492990323318
HST,0.03652624332520739,0.05171101942758577
HSY,0.08937284294151626,0.025142817567129758
HT,0.3260392658665036,0.6113830614261451
HTLD,0.07292523063714132,0.09987188272814389
HTLF,0.18379128760463534,0.0946993643567076
HUBG,0.03166247347706268,0.041563948978319165
HUM,0.19740197812429025,0.051963771292254296
HURC,0.09435840044796931,0.05180303384412468
HWKN,0.2088825308808079,0.31780950975166095
HZO,0.19391444069572902,0.11438069419213485
IART,0.08872858489534165,0.06655201700813815
IBKC,0.05738577753141949,0.06862762468276973
IBM,-0.06046444867140781,0.024517449833990217
IBOC,0.11145320209247829,0.08406618627714103
ICON,-0.1835460086408143,0.47750228297489067
ICUI,0.26846111559175856,0.027050826283327098
IDRA,0.3701380719198269,2.7506663539713663
IDT,0.042121050696751,0.272797241273631
IDXX,0.18969623591904608,0.12337559154430873
IEX,0.19914872821617738,0.054718904300039756
IFF,0.14652055285033322,0.025094527182840377
IHC,0.23283540736390945,0.030288714131310398
IIVI,0.12937564497816462,0.14489286253096287
ILMN,0.4524066696213716,0.21276527545601553
IMKTA,0.11574594311185872,0.09132267205074367
IMMR,0.10712054176174293,0.07908487436337587
IMMU,0.519538513972815,1.7312792070539282
INAP,1.1190271175070994,12.649416538025505
INCY,0.3678265572151224,0.6237615773880322
INDB,0.1526482172011476,0.04300160916233811
INFI,0.18066005928028378,1.7186807167925127
INGR,0.10039235093098162,0.04757633217116349
INO,0.9085353247063693,3.5962459905563153
INSM,0.4609431544007925,0.7202114156626708
INSY,0.3548866258816101,2.9115894127797115
INT,-0.08181636450889937,0.04378713433210799
INTC,0.10731894016495884,0.04005747849142726
INTL,0.08504225138294173,0.0810140161566049
INTU,0.21127496157339362,0.011417775037514677
IO,1.5125316652457081,16.92856504432512
IOSP,0.12219600383406252,0.03295714611836421
IPAR,0.26285151453182815,0.1265066930535905
IPG,0.12914458933962955,0.048541002613337554
IR,0.17948850900130475,0.05233981725972279
IRET,-0.04780419535654241,0.01585841365278266
IRM,0.021433766814040404,0.04282481712953499
ISCA,0.07748817882463246,0.011056530906600297
ISRG,0.031536952916879656,0.08052854426990681
ISRL,0.05065027392779585,0.05653448190000046
ISSC,0.034118150843602806,0.29215183659484845
IT,0.2048365081191971,0.027285188645522426
ITG,0.22458386442036696,0.26482303408945956
ITRI,0.07925509753520936,0.11897838720403425
ITT,0.16905166864725282,0.11362462902943955
ITW,0.16512685520839882,0.05391907145916874
IVAC,0.031054726847178447,0.2518867593069795
IVC,-0.0753506002654882,0.15022792943093513
IVZ,0.017235080207022295,0.09559151833037172
JACK,0.24831949969666844,0.13872039939315822
JBHT,0.12191876554584713,0.045690057638883876
JBL,0.03252613264107027,0.016451679637476294
JBLU,0.21406692915794953,0.14320874943374604
JBSS,0.40733209901154555,0.2891269793751836
JCI,-0.02981309487256013,0.08678665301047911
JCOM,0.1536875789090919,0.06565713447937525
JCP,-0.32700178769826194,0.12689539792028223
JJSF,0.15385349879387095,0.017873010474175114
JKHY,0.210872264615995,0.024258006255214168
JLL,0.14348712785917242,0.09517395582169451
JNJ,0.10490846876889906,0.017004132681126584
JNPR,0.03589607569908144,0.011321759521647067
JOE,0.0013594194048279615,0.06382704311127894
JOUT,0.2562611161554493,0.13924777863546747
JPM,0.17030726891082945,0.02708013313239116
JWN,0.0030660353181550487,0.0422307556456383
K,0.021088295501095332,0.010124840706371154
KAI,0.22553026066960852,0.10123264225500149
KAMN,0.10775197606179794,0.019300201357294242
KBH,0.27757247391082035,0.40056935052248716
KEG,9.074861735626644,651.7202739040782
KELYA,0.09381036918636518,0.10916831654801236
KEM,0.329918244549556,0.7494680443157159
KEX,0.028693862465189873,0.0943663285121904
KEY,0.11758672894370914,0.07925925209104707
KFY,0.14276072265451792,0.07244234043990468
KIM,-0.0026836501457129236,0.0358403026620879
KIRK,0.028734577970391518,0.2884923381258124
KLAC,0.10096804341271368,0.03364688407726603
KMT,0.05810541093608693,0.19743873249511312
KMX,0.12017126177653008,0.04282990052380365
KNX,0.14115905712727472,0.19180568041751364
KO,-0.030041463136638042,0.04236724310826532
KOPN,-0.12617629759044005,0.08205577715548466
KR,0.06959813330560348,0.13555296862043917
KRC,0.08172996779756284,0.035742258929640336
KRO,0.12399655814075353,0.5494825347109866
KTOS,0.18762566008227619,0.18750963741392648
KVHI,0.07707908467769645,0.11779047262366425
KWR,0.261642399069082,0.06826892637162871
L,0.028546669229901366,0.020351582328281183
LABL,0.10606372916633522,0.14305739567199838
LAD,0.2439883314171242,0.15986410197979734
LANC,0.14650864215705603,0.02461658816577345
LB,-0.0033511363246901643,0.12005492034229177
LBAI,0.09788424827316293,0.08587223315305618
LBY,-0.06755004544050867,0.20542438702499097
LCI,0.6797177581081993,4.8285778503822945
LCNB,0.047221822257474164,0.06099993063747089
LCUT,0.003975136494005168,0.09787971715967698
LDL,0.22642026155088635,0.27072028680260657
LEE,0.3530102261257362,0.6693586052114716
LEG,0.07784693477064517,0.04013760690361005
LEN,0.15912921191974783,0.17962089768785738
LFUS,0.22553209343711095,0.05512517032331884
LII,0.30697098225786185,0.037920720559450005
LION,0.25330223277549996,0.0928516841513673
LKFN,0.07452777179604944,0.03937917466770863
LKQ,0.009019123418164156,0.11203426389561832
LLL,0.1526316046371873,0.03692603190302403
LLY,0.16206083252721157,0.02896218577662528
LM,0.058632080925858907,0.14659946781977426
LMNR,0.056886410483452644,0.08465715352952193
LMNX,0.01740047180116472,0.020008508228193278
LNC,0.19514581367316233,0.16419952088567866
LNDC,0.13165443786242317,0.08264073012451281
LNG,0.43642637661138933,0.3773874659933458
LNN,0.08237177514580643,0.03054404976394402
LOW,0.21173010015369603,0.037205764563330336
LPSN,0.11449216560951303,0.14481148975813266
LPX,0.20896294695521922,0.26463024367749016
LRCX,0.24394009454883303,0.12563094965048036
LSCC,0.04426323470678375,0.06678138957923638
LSI,0.1445990469584484,0.054523641539773834
LSTR,0.11716751740256579,0.04989288136266228
LUB,-0.11050085879020585,0.12783470985323056
LUV,0.3477442673453574,0.2650876848860328
LXP,0.030005500260509597,0.061339727849058306
LXRX,1.809295550492426,25.87721088721079
LXU,-0.12370704923421472,0.1316991147811335
LYTS,-0.013865503048635723,0.1918924102053502
LZB,0.1745135574708839,0.2041463781603654
M,0.02872146613554908,0.0918466704195206
MAA,0.06465774918986712,0.014436136144996206
MAC,-0.003896303522031281,0.05568753746300481
MAN,0.16343293395922961,0.213139035456146
MANH,0.1307209587005062,0.2937040608464185
MANT,0.08284129122104325,0.03645288217626363
MAR,0.23629698278190783,0.10462573803963206
MAS,0.1817510346402965,0.08013405190459356
MAT,-0.09605352792468362,0.09382098815216905
MATX,-0.012218407028495167,0.06403790476963057
MBI,0.02334674868359849,0.1787422154745962
MBWM,0.20010139217724007,0.10413003622446985
MCBC,0.2593766095349861,0.1109902851679362
MCD,0.09141636788994426,0.03388593367360447
MCF,-0.24655992073571778,0.16605483655693223
MCHP,0.12247191386473325,0.060129022187320656
MCK,0.0922833826115832,0.11264190278475687
MCO,0.24417137506930048,0.07288396672473328
MCRI,0.2464961202314986,0.15049661348304946
MCS,0.19568603979172633,0.09116585093772983
MCY,0.027024019627628588,0.038486225841976134
MD,-0.0779175223634323,0.057348588000367705
MDC,0.11093160799117323,0.1813365951488627
MDCA,-0.014632736542122573,0.45268293999363135
MDCO,0.045137302260485325,0.12155178043590707
MDLZ,0.02718579821470357,0.04995704066281569
MDP,0.08763408210149116,0.07109419887769752
MDR,-0.04714181943398558,0.41203844211335
MDRX,-0.018693320088147395,0.18357977921244795
MDT,0.1345946362684103,0.021756391897538366
MDU,0.04766002347784894,0.10428573015449734
MED,0.4109080505965074,0.14835625115759452
MEI,0.32751180202973706,0.8305278578225427
MEIP,0.7278361261434375,4.759521027481839
MET,0.05382910455145389,0.06683205120645176
MFA,0.007331453848724364,0.025146589446885113
MGEE,0.046765099220666975,0.03802269722875941
MGM,0.1732368835083635,0.15694600752721902
MGRC,0.11055284772567905,0.08446288858896295
MHK,0.1693403699798255,0.15224113081526772
MHO,0.2221348309951142,0.4515651627913811
MIDD,0.09243135652532537,0.1972746473678735
MIND,-0.18684946331109678,0.15943008853665327
MINI,0.1265080056878689,0.14001726864095068
MKC,0.15726560981140977,0.011925369256909513
MKL,0.1452307913710191,0.026366236711525947
MKSI,0.16218183574984213,0.1260701610153576
MLAB,0.281478195195894,0.06497327215604377
MLHR,0.08500738958249578,0.03877057987731607
MLI,-0.020472912484507035,0.12552290505572467
MLM,0.13241860571043926,0.07518618437344927
MLR,0.0826046972356823,0.013095121467236305
MMC,0.14506985293509314,0.02348394635298551
MMM,0.1186194926510814,0.058247164573474265
MMS,0.09104154550914963,0.07408686084055138
MMSI,0.23933164323912473,0.051853645104092745
MNI,1.3616544865124074,15.503693113234197
MNR,0.06684024013003739,0.0644199582828731
MNRO,0.10074340729554716,0.059807064058665343
MO,0.09625572873028056,0.0386157755319316
MOD,0.09075018171830598,0.19413848167259304
MOH,0.2721681553204403,0.048040559304367875
MOSY,0.16369978791602197,2.3254823936640157
MOV,0.11359753635813433,0.10789358614001636
MPAA,0.26530072478236966,0.6399582321757878
MRCY,0.24075318842655044,0.13848440071705334
MRK,0.10759123181705396,0.019796310707708677
MRO,-0.06383349162055525,0.08443177942634407
MRTN,-0.006368192709284273,0.038530607984324415
MRVL,0.1317359809509082,0.3108327746922728
MS,0.16598382495896807,0.0842990145780439
MSA,0.16872095884661517,0.059780957540792545
MSEX,0.169270716944051,0.05262574799225108
MSFT,0.2119102284040423,0.01653512645132069
MSI,0.13470396022384196,0.010392254329093612
MSL,0.016956294829554384,0.10140870805893543
MSM,0.038937826604143126,0.09560170174230027
MSTR,0.042245388684833275,0.057023136546092305
MTD,0.2125261701621779,0.0303638446374692
MTG,0.3036446055989951,0.6514196941728577
MTN,0.2555902885772476,0.01801548714385239
MTRN,0.09763606664920808,0.04492870270648805
MTRX,0.13282504949816554,0.18916500351895005
MTSC,0.01277293849918365,0.04759675317010187
MTW,0.711585532354691,4.740191751088025
MTX,0.0420864200251828,0.17333280274107768
MTZ,0.20784088812803442,0.28550960639426964
MU,0.4964365124567757,0.9044514514073492
MUR,-0.08818528928665142,0.10650147120040414
MVC,-0.028029583908734706,0.044707708222795454
MXIM,0.10151424577607407,0.021585238490223715
MYGN,0.17129982398194282,0.31414687414413395
MYL,0.07565223739384865,0.10678083495226716
NANO,0.09684735305734535,0.10017307966596926
NAT,-0.13967772492131564,0.1661040560839514
NATH,0.22862662664168765,0.1356211701686348
NATI,0.08143791131486476,0.023090693197120354
NAV,0.27867317179616025,1.28469744868614
NAVB,-0.3187156012491445,0.06498255685378608
NAVG,0.1177928197632906,0.1146564561145394
NBIX,0.5098305742869488,0.6004889625452284
NBR,-0.06637259074050354,0.3145178909547822
NBTB,0.07811611972997941,0.05611952734752446
NC,-0.02670062398531515,0.32143533559538634
NCI,0.15241198557454821,0.14254980419892344
NCR,0.10181953273454451,0.16226254062017095
NCS,0.01391564545977805,0.12302839193008112
NDAQ,0.19078843554427444,0.033807193517957794
NE,-0.2647046037266622,0.07758806064938482
NEE,0.1636678745411526,0.011836298167625105
NEM,-0.01855922723248239,0.18272032776288935
NEON,-0.2919838573538855,0.1247790815655037
NEU,0.11056241451392601,0.022470889473686098
NFG,0.007017723960054194,0.07173950472576032
NFX,-0.09127023736734785,0.08751450225489597
NGS,0.057028632176284566,0.13919959080382568
NHC,0.08680315872352226,0.024229386115632013
NHI,0.08352698499227151,0.024985693912270943
NI,0.05507399396636926,0.08299905014526608
NICK,-0.016899395683345936,0.03313691605753161
NJR,0.020778056345899083,0.07118704483660156
NKE,0.01573714884540154,0.12413755365658495
NKSH,0.05380018326528529,0.029642817363111196
NKTR,0.6196914540478949,2.061828239991487
NLS,0.41124537854607496,0.3900074969983498
NLY,-0.055403177453615324,0.029517142826230528
NNBR,0.18674318077027632,0.35941916952697284
NNI,0.14130068653900874,0.07390331914562169
NOV,-0.11025673687892759,0.04965108180490394
NPK,0.06441113676376306,0.07674015842679849
NPO,0.13666151728331477,0.12213136349407183
NR,-0.002306835825248587,0.13087780987451222
NRG,0.2244855673826384,0.3217869933341719
NRIM,0.09887589067369507,0.015234111363434824
NSC,0.1276988462673379,0.06988305892772956
NSIT,0.1573744284112015,0.05681819222805911
NSP,0.22594602319412688,0.08601096733581788
NTCT,0.05684415296865243,0.054414682675985926
NTGR,0.07461554840081237,0.02962622438182043
NTRI,0.2620461632360001,0.22184172312282047
NTRS,0.10930329156041317,0.025921003984950165
NUAN,-0.07075723499812217,0.060524001161658646
NUE,0.05545396890233161,0.059761354215950156
NUS,0.30370044706011423,1.1802749204009897
NVAX,0.33037202027563334,0.5580380195186359
NVDA,0.5530527558023596,0.762312700786533
NVEC,0.07511331385188001,0.027186071862203235
NVR,0.2682564336908658,0.19041959023004892
NWL,0.06047917515902672,0.10097812386395712
NWLI,0.1303520734279158,0.031593850886539376
NWN,0.03460034748472292,0.011601108152341744
NWPX,0.08651436831486713,0.17605599555953214
NX,0.001159895793050671,0.05267467722269766
NXST,0.6833586143565892,2.292784148940023
NYCB,-0.0321666240421241,0.03101788866318812
NYNY,0.4785935844222596,0.40752341996288344
NYT,0.18622682190141054,0.10346278351686654
O,0.08896093610591808,0.013329384269455636
ODC,0.06318562440437513,0.06071785573045415
ODFL,0.21314146490342806,0.12530478125448324
ODP,0.08547085407471658,0.1925901978646325
OFC,0.020079260317559293,0.06666686880343972
OFG,0.27138157956030345,0.5334137100653863
OGE,-0.028598737938159365,0.0564850329590581
OHI,0.0945927183119002,0.03968959203703641
OI,-0.017687744974551962,0.13191502786831424
OII,-0.1405329585221457,0.096676621854645
OIS,-0.14055893003769676,0.16574077463387552
OKE,0.06409181229403224,0.41508941429436436
OLBK,0.25289495279216123,0.013520583188121785
OLED,0.3303667554691621,0.7650693011686226
OLN,0.05282735354780741,0.13426265459715728
OLP,0.05733421202354918,0.01705012849975359
OMC,0.08217609025734167,0.03896320487155397
OMCL,0.2251127694609148,0.08057969502141639
OMEX,1.5856797093515789,23.788742678769207
OMI,-0.12710000783511743,0.10389427656512536
OMN,0.1090579690050357,0.13184483841575942
ONB,0.04236137379435204,0.036257699162163586
OPY,0.08375869048055529,0.06157334063059808
ORCL,0.08992243056561053,0.02689555168523962
ORI,0.13681509343657955,0.05895157867260209
ORLY,0.2479180228157357,0.052347926870506066
OSIS,0.07360063414638766,0.051232841144204844
OSK,0.20814598650263136,0.1637176355241829
OSTK,0.4957286810761333,1.3309479619811304
OSUR,0.13979147372928138,0.33739198469214093
OTTR,0.13594553894399447,0.042723491064342
OXM,0.09668213293904235,0.10025199364480453
PACW,0.11610160456555094,0.1095955618262519
PATK,0.5998883020986046,1.1691072089873715
PAYX,0.11965888635811218,0.025882368136968956
PBCT,0.02333634472457442,0.02857010807470593
PBI,-0.024927555959948538,0.35166823698676175
PCAR,0.0802691127563779,0.06256241203301637
PCG,-0.04264207781003569,0.06572220535129081
PCH,0.030084262400804394,0.07711957180609413
PCTI,-0.012958301818672413,0.11147967387750805
PCYG,0.2857021460290181,0.8981395937557631
PCYO,0.33416156038121453,0.23587848841774436
PDCE,0.026261780443783595,0.14189380462757906
PDFS,0.1995738422049364,0.5156083600613034
PDLI,-0.060579197812007775,0.09330740046439917
PEG,0.07171961087168344,0.019173013427412764
PEGA,0.17297352266021626,0.2788479027403395
PEI,-0.018369473687432154,0.14450157799347055
PENN,0.0583256432667144,0.3898237979774451
PEP,0.07710366723904569,0.008577637448264293
PES,-0.020210655434195583,0.9569191114776094
PFBC,0.32925060231983366,0.13326620564459357
PFG,0.12466791861974853,0.11812681980905583
PFIS,0.08327620499687916,0.045595729380459686
PFS,0.09387866417512548,0.04001508562369734
PG,0.05205026600688573,0.010146855406012066
PGC,0.15038731551127352,0.06857257596155646
PGNX,0.012382199303519026,0.270066013964258
PGR,0.18031686295783864,0.03873781361730085
PHIIK,-0.1722573600874931,0.1902425862126278
PICO,-0.07540782123901593,0.09207021591144815
PKE,-0.03974346562906705,0.040512328485883195
PKG,0.23072020264238172,0.12714814518967912
PKOH,0.1746747272107709,0.34793574984449854
PLAB,0.09110122854466023,0.08425591375224462
PLCE,0.13870210279173753,0.16907504501312007
PLD,0.10702401515059785,0.019706586273009138
PLPC,0.008211436759759851,0.06867434783730382
PLT,-0.0006429279714475489,0.04410165259554318
PLUG,0.23296505029392361,1.0314063744061157
PLXS,0.11980274928336462,0.11567548947051841
PNC,0.11195203488051234,0.032314972271006936
PNFP,0.19467469117301764,0.1010603244795187
PNM,0.11854824080428596,0.006351371921236211
PNR,0.10985537493268079,0.10491441783364236
PNW,0.08580308485272463,0.015319804605275716
POWI,0.11431993445651893,0.08851942598962742
POWL,0.03312271085323187,0.1738676039905911
PPBI,0.26985162249776284,0.14005679647996225
PPC,0.30483202959582906,0.4473561721143365
PPL,-0.005146633023803485,0.010906954700733223
PRA,-0.06636774178291364,0.05695334181707287
PRAA,-0.07814806812328548,0.1363505657223608
PRFT,0.1541412401380635,0.13940690239658915
PRGS,0.10017170585918052,0.04268400764894866
PRGX,0.09901199444355654,0.09524577824688524
PRK,0.05034536732016679,0.039019775364474076
PRKR,0.960743193759486,8.00234215908529
PROV,0.11988509873410653,0.13040524792664607
PRSC,0.25786769889098443,0.07033135372667641
PSA,0.06567888534827382,0.02547417810751774
PSB,0.1262227927514635,0.01070584803131965
PSMT,-0.009506145403720658,0.06272568439617199
PTEN,-0.016257215894845745,0.1992702075668745
PTIE,0.5961353183833814,5.734218843317478
PTSI,0.3733826528853503,0.4742490576016664
PTX,0.03823139923016288,1.527691574189568
PVH,0.09626785276732289,0.14593389535502294
PWOD,0.01724027969520802,0.03297346798742004
PWR,0.08670484998107843,0.12320582544490492
QCOM,0.01842495732641116,0.04367742125544291
QDEL,0.2374242222545405,0.17923482382722586
QGEN,0.14144953150892697,0.012181921254637228
QUIK,-0.05353016563083736,0.24578103425993433
RAD,0.2522550403418792,1.2086208238780014
RCII,-0.06603948076173768,0.09836374737171394
RCL,0.24383372281972868,0.11441888315685252
RDC,-0.137682009867274,0.05777483889508404
RDI,0.2190011050574964,0.09353327663411781
RDN,0.43050739810519334,0.47829267301285006
RDNT,0.6089963785784468,2.4360534799795253
RE,0.14974670407263432,0.024531438215225385
RECN,0.05618003042897183,0.024588877061898353
REGN,0.43519280048639325,0.5884526356304073
RELL,-0.030722455952029954,0.046881148495714405
RES,0.007525052897697956,0.21090478945255767
REV,0.10575260374859481,0.10611200675195603
REX,0.2641475644994979,0.34609185258772346
RF,0.2054236759600278,0.10136258731385951
RGEN,0.501178717763863,0.1290652346824192
RGLD,0.09524261665711804,0.17197308963432734
RGR,0.1369547985624366,0.1823829952659984
RGS,0.0016595009806809177,0.014124759502386989
RHI,0.11115600504003882,0.038472886083631454
RHP,0.16219271859774653,0.04042970622213233
RHT,0.2467429181412306,0.07640509781065913
RIG,-0.1494764614763088,0.10926611463451955
RIGL,-0.0923645537633345,0.1791459883275646
RL,-0.026180979543320958,0.03965756667284715
RLI,0.029306163387263433,0.09359501627009469
RMBS,0.07160534198993276,0.20674541550566192
RMD,0.24544434906042345,0.044660948654606396
RNR,0.08688980258968189,0.011174099775599555
ROCK,0.1657629955158205,0.10826055364025994
ROG,0.23645477375109442,0.2577583824508553
ROK,0.12801971627084968,0.0713240966064871
ROL,0.147157736289547,0.04853439766975323
ROP,0.17386727518751816,0.02119244784342097
ROST,0.1134256950087552,0.07170641096467135
RPM,0.1384992229739658,0.029546730418818442
RPT,0.0403151870888967,0.0372379869819509
RRD,-0.05624876330393121,0.3744543293182085
RRGB,0.07390783482030547,0.2421912750650347
RS,0.06595539060743962,0.04913127176632299
RSG,0.14791239152189378,0.008984368366279775
RTEC,0.14961855976868546,0.11367739875572253
RTN,0.19311422501717312,0.04790092659166877
RUSHA,0.12318053650099846,0.13691946495136686
RVLT,1.15046412070922,8.783576088993586
RWT,0.08681579955425037,0.08308694851404909
RYN,-0.048380134529041274,0.04924385320470504
S,0.3699677509870316,0.6865721857928174
SAFM,0.13373590859793352,0.08496141346999748
SAFT,0.10969441193259,0.019603891320486115
SAH,0.0012709645391200516,0.05339338763652409
SALM,0.09906915395470997,0.35319884936737994
SAM,0.1584684472358451,0.11457570759105339
SASR,0.1083337776392727,0.0702557650567234
SBAC,0.22931059912133203,0.07774400467118205
SBCF,1.0753945061937946,6.014454849554467
SBGI,0.23565214151719863,0.4894946645920897
SBRA,0.0915176298027307,0.1384117820232681
SBSI,0.07334917558984486,0.07039063190893576
SBUX,0.06119271161024754,0.04540383140819856
SCHL,0.04311717895884787,0.01596974411692686
SCHN,-0.03002616614894225,0.19625365325822242
SCHW,0.22556086734469644,0.08522167408007526
SCI,0.20325740944983814,0.00951695995093895
SCL,0.030009528969542777,0.13109509290793123
SCS,0.12468826258405766,0.0821361917305475
SCSC,0.0032511997328395124,0.04108172785356151
SCVL,0.06322350411603699,0.05546309372645857
SEAC,-0.066739364481765,0.2891787592444093
SEB,0.11020643785095101,0.08529188968807695
SEE,0.14255545921761986,0.13963272640809274
SEIC,0.18080130026120153,0.087705722164352
SENEA,0.024052550133053734,0.041636780087520725
SF,0.056468787918363,0.06606516710193455
SFNC,0.09354693452995543,0.04934170030248475
SGA,-0.00020131635240676942,0.04423893009343701
SGEN,0.21275309269833534,0.08501933321562237
SGMO,0.7662903970380464,2.9739283507081513
SGMS,0.3933777031730517,1.238503080709608
SHEN,0.25080523731894455,0.08948277289889035
SHLO,0.057588991600500586,0.24605147587921639
SHOO,0.048762085369501273,0.036235995616445936
SHW,0.2601400846451771,0.08619167712575504
SIF,-0.13924287002854543,0.22098820110524395
SIG,0.02356460357601055,0.18303148385081622
SIGA,0.04813799913019061,0.21024470364946457
SIGI,0.1937219654796755,0.02603927632029293
SIRI,0.18735601918307673,0.032631478917545476
SIVB,0.24551263730387526,0.11150566878335755
SJI,-0.048423758511331134,0.09776383449041566
SJW,0.15607206945993066,0.11852049105672625
SKYW,0.23999787587823224,0.15504884122867055
SLAB,0.09565183192020185,0.035147596988245135
SLB,-0.06076666007026652,0.06368257825824176
SLG,0.03209205853343137,0.03013925801500182
SLGN,-0.04574589427973468,0.040606008058635346
SMG,0.07363876686869333,0.09524670126441585
SMP,0.15628987150031132,0.07817713427766483
SMRT,-0.0935383249119922,0.2530843430043549
SNH,-0.07060285185196113,0.0516795189396916
SNHY,0.10873753445455736,0.1509656738780667
SNPS,0.1781195940502677,0.02664112138140697
SNV,1.1238206596944917,5.6796509356025835
SNX,0.20207293518867683,0.15989844568587894
SO,-0.002770723614040024,0.009707523762068697
SON,0.07952794949492596,0.03664045043602334
SPA,0.1785915816454084,0.2158472911947801
SPAR,0.26567447344298983,0.7789916195454158
SPG,0.038532185838583234,0.014007658327091445
SPN,-0.20850678284753968,0.11683449268158573
SPPI,0.22883869759896644,1.7766692685891885
SPRT,0.1971471525584187,0.6760927288245311
SPTN,0.06016275609284918,0.22072371480418
SRCE,0.0885427581190975,0.07057369702463472
SRCL,-0.06757456222556889,0.07252504874169347
SRDX,0.20941580633972195,0.08615924550613786
SRE,0.10647832141103071,0.025199584789251304
SRI,0.24859488861539777,0.3170590271826898
SSI,-0.22432331030741523,0.22311453289054795
SSP,0.14357076400464666,0.16215952891665472
SSYS,0.12090109618375425,0.5766628688218165
STAA,0.3504134963341522,0.5908481951131712
STAR,0.11378517665256492,0.11975391536279352
STBA,0.10241240932242843,0.03209740999304698
STC,0.24193035976044613,0.19862753337814795
STE,0.1992867580664008,0.02403081892026389
STFC,0.145878505791507,0.0266061627275699
STI,0.17453925053217376,0.06238431274848253
STL,0.16850932601786267,0.07841421641999907
STLD,0.17551558461156053,0.1859523372035283
STRA,0.11930468160833572,0.30404213049918405
STRL,0.0777350028018764,0.23048909195502498
STRT,0.14690691911643342,0.24655691863057105
STX,0.19716832266426257,0.20809521903988784
STZ,0.39485984025608356,0.1623134527297969
SUI,0.15520530162596186,0.016749471169969228
SUP,-0.08445137041903925,0.14530634201765222
SWK,0.09986143487350947,0.051281963613929026
SWKS,0.30422589447233983,0.3572565407726025
SWM,-0.09357666690195147,0.07321694682458148
SWN,-0.1176519180370933,0.2024430919233851
SWX,0.09558939998426429,0.0359137598643504
SXT,0.06948848158631636,0.04679398144541134
SYBT,0.07840638139668465,0.04305633430707611
SYK,0.18039513497526105,0.025146348051614153
SYKE,0.07779248599552406,0.047113980355999625
SYMC,0.04370031971817771,0.04792716494732135
SYNA,0.0792809651683842,0.12855595139423193
SYX,0.2902201237282824,1.2292879450143095
SYY,0.11244656631203524,0.013840761767322504
T,-0.0015943102474260673,0.026253160986002815
TAP,0.05988339768148824,0.06152864559949569
TBI,0.08339271586896298,0.06923954978300122
TCBI,0.126518600064997,0.13750284826009887
TCBK,0.14448010888089868,0.07049246825063722
TCO,-0.030094421147833148,0.038297819740067705
TDS,0.029706778313399844,0.013708255678140964
TDW,0.6034962108066482,5.762414945354302
TDY,0.21367774466291123,0.045867903771747966
TECD,0.077321051764333,0.028799303339104593
TECH,0.11774966077036031,0.023054835965925672
TEN,0.0419165571192703,0.1364366035167509
TESS,0.08800568134062739,0.280707991702166
TFX,0.23055007328129543,0.026825944505491316
TG,0.006588257523409242,0.17573193985321608
TGI,-0.16716371992688156,0.07276969396336026
TGNA,0.06999976118978897,0.11370686673139441
TGT,0.03683724132271638,0.011227881872993803
THFF,0.044555228483608246,0.06589648941286269
THG,0.18364236498514436,0.024939838026668586
THO,0.19692481567214015,0.21576396540646917
TILE,0.06651644011981314,0.09731387218819182
TJX,0.06847269997808939,0.05959519933431708
TK,-0.11323114158026515,0.2123602285532021
TKR,0.017674539763095028,0.0839145983272273
TMK,0.10586752071800364,0.07860824014255909
TMO,0.2682518137672205,0.05641974171118735
TNC,0.06758417519649465,0.08258303082588954
TOL,0.10354573969275822,0.10517492068680567
TOWN,0.12335142583018092,0.08644034981248583
TPC,0.10906635289472502,0.2397002429217149
TPX,0.017209617581377474,0.13900654782253505
TR,0.05571334464437827,0.02141840067165571
TRC,-0.028633021320998767,0.0733028317674621
TREX,0.36602677357047086,0.3013171596925937
TRI,0.09003759653778166,0.013020756981302428
TRK,0.00556246419070615,0.014545466307142879
TRMK,0.037149064716590706,0.0661431425929069
TRN,0.04080629543512607,0.12073037910186839
TROW,0.07916237203539887,0.038517096743167424
TRST,0.04901071804224697,0.06297074669831422
TRUE,0.19891911549063832,0.6214800404250563
TRXC,0.7332084389909015,3.6189314809363746
TSCO,0.026673883983824694,0.017524415789205685
TSS,0.2419820145437533,0.07246748430968829
TTEK,0.14455666835603578,0.061290879299191685
TTMI,0.05013543299569506,0.2531269530141351
TTWO,0.4036005055118578,0.2246049801719173
TUP,-0.03468888668621444,0.1028085735763646
TWI,0.034290073571743816,0.7603522902564305
TWIN,0.0009197602239260678,0.2940602805400497
TWMC,-0.10604096563547541,0.14463498628352486
TXN,0.19499635792895795,0.043799953799238046
TXT,0.1475240847205063,0.043648694013641624
TYL,0.3388980568874045,0.18155920755082708
TZOO,-0.11962959481790623,0.07141925333093525
UBA,0.017115606427492776,0.02524416001527129
UBSH,0.13323254602887094,0.07369790413828348
UBSI,0.01827672858666331,0.04708653996370633
UCBI,0.21361569548249731,0.1440848519090224
UCFC,0.3925345889001815,0.23886936120863209
UEIC,0.14723843104220377,0.27056584885900753
UFCS,0.15732037079695213,0.021170520775006432
UFPI,0.055918823394413855,0.16224424169618223
UGI,0.09089631954945494,0.029277579184090474
UHAL,0.23329439783747954,0.11090563705018137
UHS,0.1861400416465663,0.06421242210384796
UHT,0.0822216488984674,0.046954944900896696
ULTI,0.22098525797807753,0.05686520148684892
UMBF,0.10437291641137492,0.11564516505547208
UMH,0.04903774846816209,0.05294019192807314
UMPQ,0.05378938555668121,0.07478911227092473
UNF,0.1535730421446165,0.05508304989159113
UNFI,-0.04504868150036252,0.1922501927435348
UNH,0.2557669959843033,0.019347242135444382
UNP,0.06862315743137296,0.08312050073698231
UNT,-0.042474367303186066,0.35058319627018236
UPL,-0.47250318735169444,0.1853936939260768
UPS,0.051564074234217654,0.04056902222146455
URBN,0.01837343546353484,0.07539072399124969
URI,0.2646069979243196,0.1910980124629544
USAK,0.5025863568322005,1.6666256372625314
USB,0.08184770663146985,0.023124031182264988
USG,0.2999902557010419,0.3834103199530438
USLM,0.046182600957938726,0.06279672834499625
USM,0.03379384086258191,0.03645068129041942
USNA,0.3034787238816146,0.2720622617051559
USPH,0.26826065353230205,0.0164048634125895
UTHR,0.17386116626047962,0.18732325481040094
UTI,-0.09595410239543502,0.16503820771792058
UTL,0.09304343532254943,0.01834636014032421
UTMD,0.18922841044687608,0.04574897725103899
UTX,0.0645186414552609,0.03687689319625111
UVSP,0.06389679635125838,0.054171488309373204
UVV,0.03437422657045021,0.028717890754217826
VAR,0.07603055624678372,0.00940484188152671
VECO,-0.06378487876833071,0.16398401421229916
VFC,-0.030983846414802063,0.09906196661278431
VHC,-0.18049424552688217,0.219112404747169
VICL,0.33772756659562414,3.584659916263716
VICR,0.371100344833991,0.43368303318518525
VIVO,0.015431043859591388,0.06746648395186665
VLGEA,-0.001778409896640227,0.02817338604936742
VLO,0.22035773668038325,0.09001859355603807
VLY,-0.043123345385353486,0.024777598780386142
VNO,-0.01892130036834547,0.04089318998981598
VOD,-0.014990433468863624,0.09953001687550118
VRNT,0.08356980089417042,0.06738274654505365
VRSN,0.24726068747090316,0.07713727665092066
VRTX,0.3304516907159619,0.2318458120935972
VSAT,0.05713317758967865,0.07165278066406218
VSEC,0.0979836580404854,0.21106586471328928
VSH,0.11085563828706309,0.0397178661258576
VTNR,0.014771738099746036,0.16874888767154025
VTR,0.01964353822198115,0.027453930401801326
VVC,0.13673502318672168,0.022225915840255874
VVUS,-0.3252650647368608,0.16872075605334272
VZ,0.04353047487915921,0.006013534687231006
WAB,0.005091263787693221,0.0341924367618116
WABC,0.043229660071512355,0.04091098071352448
WAFD,0.11365534457841069,0.05759722811913633
WASH,0.11822994666841459,0.04545134258104779
WBA,0.12369875236831333,0.05287723859396287
WBS,0.14626077604344379,0.05970230011778623
WCC,0.02978801441589357,0.12543136194286045
WCN,0.1313513042536089,0.03478457799245089
WDC,0.12785727808807018,0.25477949483250767
WDR,0.021122010466831095,0.19701242597639387
WEC,0.10242163658206335,0.009646834377570896
WEN,0.19364541025661444,0.10074568406739541
WETF,0.15049036615993175,0.5741649921437529
WEYS,0.029161635687423526,0.017830625305570984
WFC,0.08539958116487731,0.03408878693386226
WGO,0.3309561757859436,0.4116103581523138
WHG,0.032761540476769435,0.09103105121291176
WHR,0.20331969852477158,0.25281029002473693
WINA,0.16456749670141133,0.05676283534706747
WIRE,0.12536335673260282,0.10155853596330715
WLL,0.050059537153262446,0.371830580695081
WM,0.15790707506291318,0.019309229838760777
WMB,-0.0028757743820345366,0.06825352073177633
WMGI,0.08568486921778992,0.04378932691186482
WMK,0.05427521831192265,0.08637269012011174
WMT,0.08247374015843932,0.04843566878607559
WNC,0.10045397058147658,0.07916464758875413
WOR,0.15721134320337832,0.15258883270841947
WPP,-0.030777497934611826,0.08709991309932122
WRB,0.11149959753617608,0.005484836251875197
WRE,-0.014319311494256816,0.027206319970894205
WRI,0.028972971431761994,0.030228169915947813
WRLD,0.11745663103962481,0.15449637716711878
WSBC,0.1039152737981863,0.0588202994525436
WSFS,0.09305638246821153,0.20762927629265446
WSM,0.053623985937203335,0.04449835462615128
WSO,0.10735824949262372,0.02360857454080206
WST,0.15200193070310822,0.042492223073531475
WSTL,0.5526560818906646,3.665680087109802
WTBA,0.11752890887650702,0.042838136201990284
WTFC,0.14110876739897787,0.05388487991474592
WTM,0.09446426632227056,0.005022857111580425
WTR,0.0696178366312847,0.022918312330560724
WTS,0.11178614405612598,0.05837863718233723
WTW,0.21210686832149356,1.357404428327226
WWE,0.45331157168741637,0.3851996717038082
WWW,0.023051455785110624,0.09433094575559342
WY,0.049966799262796326,0.07087590468997083
WYNN,0.09948958283038793,0.30720425231118037
X,0.2840325231583308,1.7506696927837588
XEC,0.06781745539942825,0.18867016702720193
XEL,0.0886426216926517,0.013984844529167541
XLNX,0.14747862029610576,0.017420187378486256
XOM,-0.025002060507405086,0.019566315105256808
XOMA,1.5486929426291476,8.239308232707957
XPO,0.3507182624499231,0.2899093736976754
XRAY,0.03804682213018203,0.04918961102391439
XRX,0.5899098236792695,1.7259781005596972
Y,0.11512790989836048,0.011781978465656073
YORW,0.10430384417022036,0.045940043765229054
YUM,0.06889857345896684,0.01696570100217016
ZBH,0.10792500720505822,0.03700928481917789
ZBRA,0.246958983986195,0.04419837456494077
ZEUS,0.020924910681919533,0.3071283239570935
ZION,0.15958142803584333,0.08423573290216985
ZIXI,0.1251255504565037,0.08777823237355394
